VenueType,Venue,Year,DOI,pages
Conference,ESEM,2017,10.1109/ESEM.2017.7,10
Conference,ESEM,2017,10.1109/ESEM.2017.8,9
Conference,ESEM,2017,10.1109/ESEM.2017.9,10
Conference,ESEM,2017,10.1109/ESEM.2017.10,8
Conference,ESEM,2017,10.1109/ESEM.2017.11,10
Conference,ESEM,2017,10.1109/ESEM.2017.27,10
Conference,ESEM,2017,10.1109/ESEM.2017.12,10
Conference,ESEM,2017,10.1109/ESEM.2017.13,10
Conference,ESEM,2017,10.1109/ESEM.2017.14,7
Conference,ESEM,2017,10.1109/ESEM.2017.15,10
Conference,ESEM,2017,10.1109/ESEM.2017.16,10
Conference,ESEM,2017,10.1109/ESEM.2017.17,6
Conference,ESEM,2017,10.1109/ESEM.2017.18,10
Conference,ESEM,2017,10.1109/ESEM.2017.19,10
Conference,ESEM,2017,10.1109/ESEM.2017.20,10
Conference,ESEM,2017,10.1109/ESEM.2017.21,10
Conference,ESEM,2017,10.1109/ESEM.2017.22,6
Conference,ESEM,2017,10.1109/ESEM.2017.23,6
Conference,ESEM,2017,10.1109/ESEM.2017.24,6
Conference,ESEM,2017,10.1109/ESEM.2017.25,6
Conference,ESEM,2017,10.1109/ESEM.2017.26,6
Conference,ESEM,2017,10.1109/ESEM.2017.28,6
Conference,ESEM,2017,10.1109/ESEM.2017.29,6
Conference,ESEM,2017,10.1109/ESEM.2017.30,6
Conference,ESEM,2017,10.1109/ESEM.2017.31,6
Conference,ESEM,2017,10.1109/ESEM.2017.32,6
Conference,ESEM,2017,10.1109/ESEM.2017.63,6
Conference,ESEM,2017,10.1109/ESEM.2017.33,6
Conference,ESEM,2017,10.1109/ESEM.2017.34,6
Conference,ESEM,2017,10.1109/ESEM.2017.35,6
Conference,ESEM,2017,10.1109/ESEM.2017.36,6
Conference,ESEM,2017,10.1109/ESEM.2017.37,6
Conference,ESEM,2017,10.1109/ESEM.2017.38,10
Conference,ESEM,2017,10.1109/ESEM.2017.39,10
Conference,ESEM,2017,10.1109/ESEM.2017.40,10
Conference,ESEM,2017,10.1109/ESEM.2017.41,10
Conference,ESEM,2017,10.1109/ESEM.2017.42,10
Conference,ESEM,2017,10.1109/ESEM.2017.43,10
Conference,ESEM,2017,10.1109/ESEM.2017.44,7
Conference,ESEM,2017,10.1109/ESEM.2017.45,10
Conference,ESEM,2017,10.1109/ESEM.2017.46,10
Conference,ESEM,2017,10.1109/ESEM.2017.47,10
Conference,ESEM,2017,10.1109/ESEM.2017.48,10
Conference,ESEM,2017,10.1109/ESEM.2017.49,10
Conference,ESEM,2017,10.1109/ESEM.2017.50,10
Conference,ESEM,2017,10.1109/ESEM.2017.51,10
Conference,ESEM,2017,10.1109/ESEM.2017.53,10
Conference,ESEM,2017,10.1109/ESEM.2017.54,10
Conference,ESEM,2017,10.1109/ESEM.2017.55,10
Conference,ESEM,2017,10.1109/ESEM.2017.56,10
Conference,ESEM,2017,10.1109/ESEM.2017.57,6
Conference,ESEM,2017,10.1109/ESEM.2017.58,6
Conference,ESEM,2017,10.1109/ESEM.2017.59,6
Conference,ESEM,2017,10.1109/ESEM.2017.52,6
Conference,ESEM,2017,10.1109/ESEM.2017.60,6
Conference,ESEM,2017,10.1109/ESEM.2017.61,6
Conference,ESEM,2017,10.1109/ESEM.2017.62,6
Conference,ESEM,2017,10.1109/ESEM.2017.69,6
Conference,ESEM,2017,10.1109/ESEM.2017.64,2
Conference,ESEM,2017,10.1109/ESEM.2017.65,2
Conference,ESEM,2017,10.1109/ESEM.2017.66,2
Conference,ESEM,2017,10.1109/ESEM.2017.67,2
Conference,ESEM,2017,10.1109/ESEM.2017.68,2
Conference,ESEM,2019,10.1109/ESEM.2019.8870150,6
Conference,ESEM,2019,10.1109/ESEM.2019.8870188,11
Conference,ESEM,2019,10.1109/ESEM.2019.8870156,11
Conference,ESEM,2019,10.1109/ESEM.2019.8870167,6
Conference,ESEM,2019,10.1109/ESEM.2019.8870183,11
Conference,ESEM,2019,10.1109/ESEM.2019.8870185,11
Conference,ESEM,2019,10.1109/ESEM.2019.8870169,6
Conference,ESEM,2019,10.1109/ESEM.2019.8870165,6
Conference,ESEM,2019,10.1109/ESEM.2019.8870186,6
Conference,ESEM,2019,10.1109/ESEM.2019.8870154,6
Conference,ESEM,2019,10.1109/ESEM.2019.8870147,6
Conference,ESEM,2019,10.1109/ESEM.2019.8870158,12
Conference,ESEM,2019,10.1109/ESEM.2019.8870152,10
Conference,ESEM,2019,10.1109/ESEM.2019.8870163,6
Conference,ESEM,2019,10.1109/ESEM.2019.8870179,11
Conference,ESEM,2019,10.1109/ESEM.2019.8870175,11
Conference,ESEM,2019,10.1109/ESEM.2019.8870141,6
Conference,ESEM,2019,10.1109/ESEM.2019.8870189,11
Conference,ESEM,2019,10.1109/ESEM.2019.8870155,12
Conference,ESEM,2019,10.1109/ESEM.2019.8870182,11
Conference,ESEM,2019,10.1109/ESEM.2019.8870139,11
Conference,ESEM,2019,10.1109/ESEM.2019.8870172,12
Conference,ESEM,2019,10.1109/ESEM.2019.8870140,6
Conference,ESEM,2019,10.1109/ESEM.2019.8870190,6
Conference,ESEM,2019,10.1109/ESEM.2019.8870171,6
Conference,ESEM,2019,10.1109/ESEM.2019.8870142,6
Conference,ESEM,2019,10.1109/ESEM.2019.8870181,12
Conference,ESEM,2019,10.1109/ESEM.2019.8870177,11
Conference,ESEM,2019,10.1109/ESEM.2019.8870191,6
Conference,ESEM,2019,10.1109/ESEM.2019.8870168,11
Conference,ESEM,2019,10.1109/ESEM.2019.8870176,6
Conference,ESEM,2019,10.1109/ESEM.2019.8870162,6
Conference,ESEM,2019,10.1109/ESEM.2019.8870173,11
Conference,ESEM,2019,10.1109/ESEM.2019.8870151,6
Conference,ESEM,2019,10.1109/ESEM.2019.8870178,12
Conference,ESEM,2019,10.1109/ESEM.2019.8870144,12
Conference,ESEM,2019,10.1109/ESEM.2019.8870161,12
Conference,ESEM,2019,10.1109/ESEM.2019.8870170,6
Conference,ESEM,2019,10.1109/ESEM.2019.8870184,6
Conference,ESEM,2019,10.1109/ESEM.2019.8870153,12
Conference,ESEM,2019,10.1109/ESEM.2019.8870160,6
Conference,ESEM,2019,10.1109/ESEM.2019.8870159,5
Conference,ESEM,2019,10.1109/ESEM.2019.8870174,6
Conference,ESEM,2019,10.1109/ESEM.2019.8870157,6
Conference,ESEM,2019,10.1109/ESEM.2019.8870180,6
Conference,ESEM,2019,10.1109/ESEM.2019.8870148,6
Conference,ESEM,2019,10.1109/ESEM.2019.8870187,11
Conference,ESEM,2021,10.1145/3475716.3475769,11
Conference,ESEM,2021,10.1145/3475716.3475770,12
Conference,ESEM,2021,10.1145/3475716.3475771,11
Conference,ESEM,2021,10.1145/3475716.3475772,11
Conference,ESEM,2021,10.1145/3475716.3475773,11
Conference,ESEM,2021,10.1145/3475716.3475774,11
Conference,ESEM,2021,10.1145/3475716.3475775,11
Conference,ESEM,2021,10.1145/3475716.3475776,12
Conference,ESEM,2021,10.1145/3475716.3475777,11
Conference,ESEM,2021,10.1145/3475716.3475778,12
Conference,ESEM,2021,10.1145/3475716.3475779,11
Conference,ESEM,2021,10.1145/3475716.3475780,10
Conference,ESEM,2021,10.1145/3475716.3475781,12
Conference,ESEM,2021,10.1145/3475716.3475782,11
Conference,ESEM,2021,10.1145/3475716.3475783,12
Conference,ESEM,2021,10.1145/3475716.3475784,11
Conference,ESEM,2021,10.1145/3475716.3475785,12
Conference,ESEM,2021,10.1145/3475716.3475786,12
Conference,ESEM,2021,10.1145/3475716.3475787,11
Conference,ESEM,2021,10.1145/3475716.3475788,12
Conference,ESEM,2021,10.1145/3475716.3475789,12
Conference,ESEM,2021,10.1145/3475716.3475790,12
Conference,ESEM,2021,10.1145/3475716.3475791,12
Conference,ESEM,2021,10.1145/3475716.3475792,11
Conference,ESEM,2022,10.1145/3544902.3546233,12
Conference,ESEM,2022,10.1145/3544902.3546234,11
Conference,ESEM,2022,10.1145/3544902.3546235,11
Conference,ESEM,2022,10.1145/3544902.3546236,11
Conference,ESEM,2022,10.1145/3544902.3546237,11
Conference,ESEM,2022,10.1145/3544902.3546238,12
Conference,ESEM,2022,10.1145/3544902.3546239,11
Conference,ESEM,2022,10.1145/3544902.3546240,11
Conference,ESEM,2022,10.1145/3544902.3546241,11
Conference,ESEM,2022,10.1145/3544902.3546242,11
Conference,ESEM,2022,10.1145/3544902.3546243,12
Conference,ESEM,2022,10.1145/3544902.3546244,11
Conference,ESEM,2022,10.1145/3544902.3546245,12
Conference,ESEM,2022,10.1145/3544902.3546246,12
Conference,ESEM,2022,10.1145/3544902.3546247,11
Conference,ESEM,2022,10.1145/3544902.3546248,11
Conference,ESEM,2022,10.1145/3544902.3546249,11
Conference,ESEM,2022,10.1145/3544902.3546250,11
Conference,ESEM,2022,10.1145/3544902.3546251,12
Conference,ESEM,2022,10.1145/3544902.3546252,11
Conference,ESEM,2022,10.1145/3544902.3546253,11
Conference,ESEM,2022,10.1145/3544902.3546254,10
Conference,ESEM,2022,10.1145/3544902.3546256,12
Conference,ESEM,2022,10.1145/3544902.3546257,11
Conference,ICSE,2018,10.1145/3180155.3180156,12
Conference,ICSE,2018,10.1145/3180155.3180157,12
Conference,ICSE,2018,10.1145/3180155.3180158,11
Conference,ICSE,2018,10.1145/3180155.3180159,12
Conference,ICSE,2018,10.1145/3180155.3180160,11
Conference,ICSE,2018,10.1145/3180155.3180161,12
Conference,ICSE,2018,10.1145/3180155.3180162,11
Conference,ICSE,2018,10.1145/3180155.3180163,12
Conference,ICSE,2018,10.1145/3180155.3180164,12
Conference,ICSE,2018,10.1145/3180155.3180165,11
Conference,ICSE,2018,10.1145/3180155.3180166,11
Conference,ICSE,2018,10.1145/3180155.3180167,12
Conference,ICSE,2018,10.1145/3180155.3180168,11
Conference,ICSE,2018,10.1145/3180155.3180169,11
Conference,ICSE,2018,10.1145/3180155.3180170,11
Conference,ICSE,2018,10.1145/3180155.3180171,12
Conference,ICSE,2018,10.1145/3180155.3180172,12
Conference,ICSE,2018,10.1145/3180155.3180173,11
Conference,ICSE,2018,10.1145/3180155.3180174,11
Conference,ICSE,2018,10.1145/3180155.3180175,12
Conference,ICSE,2018,10.1145/3180155.3180176,11
Conference,ICSE,2018,10.1145/3180155.3180177,12
Conference,ICSE,2018,10.1145/3180155.3180178,11
Conference,ICSE,2018,10.1145/3180155.3180179,12
Conference,ICSE,2018,10.1145/3180155.3180180,12
Conference,ICSE,2018,10.1145/3180155.3180181,12
Conference,ICSE,2018,10.1145/3180155.3180182,11
Conference,ICSE,2018,10.1145/3180155.3180183,12
Conference,ICSE,2018,10.1145/3180155.3180184,11
Conference,ICSE,2018,10.1145/3180155.3180185,11
Conference,ICSE,2018,10.1145/3180155.3180186,12
Conference,ICSE,2018,10.1145/3180155.3180187,12
Conference,ICSE,2018,10.1145/3180155.3180188,11
Conference,ICSE,2018,10.1145/3180155.3180189,11
Conference,ICSE,2018,10.1145/3180155.3180190,12
Conference,ICSE,2018,10.1145/3180155.3180191,12
Conference,ICSE,2018,10.1145/3180155.3180192,11
Conference,ICSE,2018,10.1145/3180155.3180193,11
Conference,ICSE,2018,10.1145/3180155.3180194,11
Conference,ICSE,2018,10.1145/3180155.3180195,11
Conference,ICSE,2018,10.1145/3180155.3180196,11
Conference,ICSE,2018,10.1145/3180155.3180197,12
Conference,ICSE,2018,10.1145/3180155.3180198,11
Conference,ICSE,2018,10.1145/3180155.3180199,11
Conference,ICSE,2018,10.1145/3180155.3180200,12
Conference,ICSE,2018,10.1145/3180155.3180201,12
Conference,ICSE,2018,10.1145/3180155.3180202,11
Conference,ICSE,2018,10.1145/3180155.3180203,12
Conference,ICSE,2018,10.1145/3180155.3180204,11
Conference,ICSE,2018,10.1145/3180155.3180205,12
Conference,ICSE,2018,10.1145/3180155.3180206,12
Conference,ICSE,2018,10.1145/3180155.3180207,12
Conference,ICSE,2018,10.1145/3180155.3180208,11
Conference,ICSE,2018,10.1145/3180155.3180209,12
Conference,ICSE,2018,10.1145/3180155.3180210,11
Conference,ICSE,2018,10.1145/3180155.3180211,11
Conference,ICSE,2018,10.1145/3180155.3180212,12
Conference,ICSE,2018,10.1145/3180155.3180213,11
Conference,ICSE,2018,10.1145/3180155.3180214,12
Conference,ICSE,2018,10.1145/3180155.3180215,12
Conference,ICSE,2018,10.1145/3180155.3180216,12
Conference,ICSE,2018,10.1145/3180155.3180217,12
Conference,ICSE,2018,10.1145/3180155.3180218,11
Conference,ICSE,2018,10.1145/3180155.3180219,11
Conference,ICSE,2018,10.1145/3180155.3180220,12
Conference,ICSE,2018,10.1145/3180155.3180221,12
Conference,ICSE,2018,10.1145/3180155.3180222,12
Conference,ICSE,2018,10.1145/3180155.3180223,11
Conference,ICSE,2018,10.1145/3180155.3180224,11
Conference,ICSE,2018,10.1145/3180155.3180225,11
Conference,ICSE,2018,10.1145/3180155.3180226,12
Conference,ICSE,2018,10.1145/3180155.3180227,11
Conference,ICSE,2018,10.1145/3180155.3180228,11
Conference,ICSE,2018,10.1145/3180155.3180229,11
Conference,ICSE,2018,10.1145/3180155.3180230,11
Conference,ICSE,2018,10.1145/3180155.3180231,12
Conference,ICSE,2018,10.1145/3180155.3180232,11
Conference,ICSE,2018,10.1145/3180155.3180233,11
Conference,ICSE,2018,10.1145/3180155.3180234,11
Conference,ICSE,2018,10.1145/3180155.3180235,12
Conference,ICSE,2018,10.1145/3180155.3180236,11
Conference,ICSE,2018,10.1145/3180155.3180237,11
Conference,ICSE,2018,10.1145/3180155.3180238,11
Conference,ICSE,2018,10.1145/3180155.3180239,11
Conference,ICSE,2018,10.1145/3180155.3180222,12
Conference,ICSE,2018,10.1145/3180155.3180241,12
Conference,ICSE,2018,10.1145/3180155.3180242,11
Conference,ICSE,2018,10.1145/3180155.3180243,12
Conference,ICSE,2018,10.1145/3180155.3180244,12
Conference,ICSE,2018,10.1145/3180155.3180245,12
Conference,ICSE,2018,10.1145/3180155.3180246,11
Conference,ICSE,2018,10.1145/3180155.3180247,11
Conference,ICSE,2018,10.1145/3180155.3180248,11
Conference,ICSE,2018,10.1145/3180155.3180249,11
Conference,ICSE,2018,10.1145/3180155.3180250,12
Conference,ICSE,2018,10.1145/3180155.3180251,11
Conference,ICSE,2018,10.1145/3180155.3180252,12
Conference,ICSE,2018,10.1145/3180155.3180253,12
Conference,ICSE,2018,10.1145/3180155.3180254,12
Conference,ICSE,2018,10.1145/3180155.3180257,12
Conference,ICSE,2018,10.1145/3180155.3180258,12
Conference,ICSE,2018,10.1145/3180155.3180259,12
Conference,ICSE,2018,10.1145/3180155.3180260,11
Conference,ICSE,2018,10.1145/3180155.3180261,11
Conference,ICSE,2018,10.1145/3180155.3180262,11
Conference,ICSE,2018,10.1145/3180155.3182511,1
Conference,ICSE,2018,10.1145/3180155.3182512,1
Conference,ICSE,2018,10.1145/3180155.3182513,1
Conference,ICSE,2018,10.1145/3180155.3182514,1
Conference,ICSE,2018,10.1109/TSE.2017.2754374,1
Conference,ICSE,2018,10.1145/3180155.3182516,1
Conference,ICSE,2018,10.1145/3180155.3182517,1
Conference,ICSE,2018,10.1007/s10664-017-9551-z,1
Conference,ICSE,2018,10.1145/3180155.3182519,1
Conference,ICSE,2018,10.1145/3180155.3182520,1
Conference,ICSE,2018,10.1145/3180155.3182521,1
Conference,ICSE,2018,10.1109/TSE.2017.2757480,1
Conference,ICSE,2018,10.1145/3180155.3182523,1
Conference,ICSE,2018,10.1109/TSE.2017.2757486,1
Conference,ICSE,2018,10.1109/TSE.2017.2768368,1
Conference,ICSE,2018,10.1145/3180155.3182526,1
Conference,ICSE,2018,10.1145/3180155.3182527,1
Conference,ICSE,2018,10.1109/TSE.2017.2764464,1
Conference,ICSE,2018,10.1109/TSE.2017.2774832,1
Conference,ICSE,2018,10.1145/3180155.3182530,1
Conference,ICSE,2018,10.1007/s10664-017-9517-1,1
Conference,ICSE,2018,10.1145/3180155.3182532,1
Conference,ICSE,2018,10.1007/s10664-017-9550-0,1
Conference,ICSE,2018,10.1007/s10664-017-9503-7,1
Conference,ICSE,2018,10.1007/s10664-017-9576-3,1
Conference,ICSE,2018,10.1145/3180155.3182536,1
Conference,ICSE,2018,10.1145/3180155.3182537,1
Conference,ICSE,2018,10.1109/TSE.2017.2734091,1
Conference,ICSE,2018,10.1109/TSE.2017.2716925,1
Conference,ICSE,2018,10.1007/978-3-642-35813-5_1,1
Conference,ICSE,2018,10.1145/3180155.3182541,1
Conference,ICSE,2018,10.1109/ESEM.2009.5316002,1
Conference,ICSE,2018,10.1109/TSE.2017.2755039,1
Conference,ICSE,2018,10.1145/3180155.3182544,1
Conference,ICSE,2018,10.1145/3180155.3182545,1
Conference,ICSE,2018,10.1145/3180155.3182546,1
Conference,ICSE,2018,10.1007/s10664-017-9565-6,2
Conference,ICSE,2018,10.1145/3180155.3182548,1
Conference,ICSE,2018,10.1145/3180155.3182549,1
Conference,ICSE,2018,10.1145/3180155.3182550,1
Conference,ICSE,2018,10.1145/3180155.3182551,1
Conference,ICSE,2018,10.1109/TSE.2017.2776912,1
Conference,ICSE,2018,10.1007/s10664-017-9541-1,1
Conference,ICSE,2018,10.1007/s10664-017-9579-0,1
Conference,ICSE,2018,10.1145/3180155.3182555,1
Conference,ICSE,2018,10.1007/s10664-017-9574-5,1
Conference,ICSE,2018,10.1007/s10664-017-9556-7,1
Conference,ICSE,2018,10.1145/3180155.3190833,1
Conference,ICSE,2019,10.1109/ICSE.2019.00045,12
Conference,ICSE,2019,10.1109/ICSE.2019.00047,11
Conference,ICSE,2019,10.1109/ICSE.2019.00094,11
Conference,ICSE,2019,10.1109/ICSE.2019.00043,11
Conference,ICSE,2019,10.1109/ICSE.2019.00120,11
Conference,ICSE,2019,10.1109/ICSE.2019.00021,12
Conference,ICSE,2019,10.1109/ICSE.2019.00110,12
Conference,ICSE,2019,10.1109/ICSE.2019.00090,12
Conference,ICSE,2019,10.1109/ICSE.2019.00095,11
Conference,ICSE,2019,10.1109/ICSE.2019.00028,11
Conference,ICSE,2019,10.1109/ICSE.2019.00081,12
Conference,ICSE,2019,10.1109/ICSE.2019.00072,12
Conference,ICSE,2019,10.1109/ICSE.2019.00038,11
Conference,ICSE,2019,10.1109/ICSE.2019.00102,11
Conference,ICSE,2019,10.1109/ICSE.2019.00105,11
Conference,ICSE,2019,10.1109/ICSE.2019.00122,12
Conference,ICSE,2019,10.1109/ICSE.2019.00087,12
Conference,ICSE,2019,10.1109/ICSE.2019.00123,11
Conference,ICSE,2019,10.1109/ICSE.2019.00058,11
Conference,ICSE,2019,10.1109/ICSE.2019.00022,12
Conference,ICSE,2019,10.1109/ICSE.2019.00030,12
Conference,ICSE,2019,10.1109/ICSE.2019.00032,12
Conference,ICSE,2019,10.1109/ICSE.2019.00073,12
Conference,ICSE,2019,10.1109/ICSE.2019.00082,12
Conference,ICSE,2019,10.1109/ICSE.2019.00084,12
Conference,ICSE,2019,10.1109/ICSE.2019.00118,11
Conference,ICSE,2019,10.1109/ICSE.2019.00029,12
Conference,ICSE,2019,10.1109/ICSE.2019.00114,12
Conference,ICSE,2019,10.1109/ICSE.2019.00127,12
Conference,ICSE,2019,10.1109/ICSE.2019.00066,12
Conference,ICSE,2019,10.1109/ICSE.2019.00083,11
Conference,ICSE,2019,10.1109/ICSE.2019.00099,12
Conference,ICSE,2019,10.1109/ICSE.2019.00103,12
Conference,ICSE,2019,10.1109/ICSE.2019.00071,11
Conference,ICSE,2019,10.1109/ICSE.2019.00023,11
Conference,ICSE,2019,10.1109/ICSE.2019.00091,11
Conference,ICSE,2019,10.1109/ICSE.2019.00075,12
Conference,ICSE,2019,10.1109/ICSE.2019.00040,11
Conference,ICSE,2019,10.1109/ICSE.2019.00051,11
Conference,ICSE,2019,10.1109/ICSE.2019.00096,12
Conference,ICSE,2019,10.1109/ICSE.2019.00113,12
Conference,ICSE,2019,10.1109/ICSE.2019.00046,12
Conference,ICSE,2019,10.1109/ICSE.2019.00024,12
Conference,ICSE,2019,10.1109/ICSE.2019.00054,11
Conference,ICSE,2019,10.1109/ICSE.2019.00119,11
Conference,ICSE,2019,10.1109/ICSE.2019.00039,12
Conference,ICSE,2019,10.1109/ICSE.2019.00111,11
Conference,ICSE,2019,10.1109/ICSE.2019.00121,12
Conference,ICSE,2019,10.1109/ICSE.2019.00062,12
Conference,ICSE,2019,10.1109/ICSE.2019.00033,12
Conference,ICSE,2019,10.1109/ICSE.2019.00065,12
Conference,ICSE,2019,10.1109/ICSE.2019.00070,12
Conference,ICSE,2019,10.1109/ICSE.2019.00078,12
Conference,ICSE,2019,10.1109/ICSE.2019.00059,11
Conference,ICSE,2019,10.1109/ICSE.2019.00126,12
Conference,ICSE,2019,10.1109/ICSE.2019.00055,11
Conference,ICSE,2019,10.1109/ICSE.2019.00112,11
Conference,ICSE,2019,10.1109/ICSE.2019.00098,12
Conference,ICSE,2019,10.1109/ICSE.2019.00109,11
Conference,ICSE,2019,10.1109/ICSE.2019.00064,12
Conference,ICSE,2019,10.1109/ICSE.2019.00106,11
Conference,ICSE,2019,10.1109/ICSE.2019.00088,12
Conference,ICSE,2019,10.1109/ICSE.2019.00117,12
Conference,ICSE,2019,10.1109/ICSE.2019.00086,12
Conference,ICSE,2019,10.1109/ICSE.2019.00077,11
Conference,ICSE,2019,10.1109/ICSE.2019.00108,11
Conference,ICSE,2019,10.1109/ICSE.2019.00035,12
Conference,ICSE,2019,10.1109/ICSE.2019.00089,12
Conference,ICSE,2019,10.1109/ICSE.2019.00076,11
Conference,ICSE,2019,10.1109/ICSE.2019.00056,12
Conference,ICSE,2019,10.1109/ICSE.2019.00025,11
Conference,ICSE,2019,10.1109/ICSE.2019.00036,12
Conference,ICSE,2019,10.1109/ICSE.2019.00067,12
Conference,ICSE,2019,10.1109/ICSE.2019.00125,11
Conference,ICSE,2019,10.1109/ICSE.2019.00085,12
Conference,ICSE,2019,10.1109/ICSE.2019.00057,12
Conference,ICSE,2019,10.1109/ICSE.2019.00037,11
Conference,ICSE,2019,10.1109/ICSE.2019.00053,12
Conference,ICSE,2019,10.1109/ICSE.2019.00044,12
Conference,ICSE,2019,10.1109/ICSE.2019.00069,12
Conference,ICSE,2019,10.1109/ICSE.2019.00116,11
Conference,ICSE,2019,10.1109/ICSE.2019.00107,12
Conference,ICSE,2019,10.1109/ICSE.2019.00115,12
Conference,ICSE,2019,10.1109/ICSE.2019.00063,12
Conference,ICSE,2019,10.1109/ICSE.2019.00080,12
Conference,ICSE,2019,10.1109/ICSE.2019.00060,12
Conference,ICSE,2019,10.1109/ICSE.2019.00041,12
Conference,ICSE,2019,10.1109/ICSE.2019.00097,12
Conference,ICSE,2019,10.1109/ICSE.2019.00079,12
Conference,ICSE,2019,10.1109/ICSE.2019.00031,12
Conference,ICSE,2019,10.1109/ICSE.2019.00093,12
Conference,ICSE,2019,10.1109/ICSE.2019.00101,11
Conference,ICSE,2019,10.1109/ICSE.2019.00034,12
Conference,ICSE,2019,10.1109/ICSE.2019.00050,11
Conference,ICSE,2019,10.1109/ICSE.2019.00068,12
Conference,ICSE,2019,10.1109/ICSE.2019.00020,12
Conference,ICSE,2019,10.1109/ICSE.2019.00042,12
Conference,ICSE,2019,10.1109/ICSE.2019.00019,12
Conference,ICSE,2019,10.1109/ICSE.2019.00074,11
Conference,ICSE,2019,10.1109/ICSE.2019.00124,12
Conference,ICSE,2019,10.1109/ICSE.2019.00027,11
Conference,ICSE,2019,10.1109/ICSE.2019.00026,11
Conference,ICSE,2019,10.1109/ICSE.2019.00048,11
Conference,ICSE,2019,10.1109/ICSE.2019.00049,12
Conference,ICSE,2019,10.1109/ICSE.2019.00052,12
Conference,ICSE,2019,10.1109/ICSE.2019.00061,12
Conference,ICSE,2019,10.1109/ICSE.2019.00092,12
Conference,ICSE,2019,10.1109/ICSE.2019.00100,12
Conference,ICSE,2019,10.1109/ICSE.2019.00104,11
Conference,ICSE,2021,10.1109/ICSE43902.2021.00022,13
Conference,ICSE,2021,10.1109/ICSE43902.2021.00108,12
Conference,ICSE,2021,10.1109/ICSE43902.2021.00109,12
Conference,ICSE,2021,10.1109/ICSE43902.2021.00110,12
Conference,ICSE,2021,10.1109/ICSE43902.2021.00111,13
Conference,ICSE,2021,10.1109/ICSE43902.2021.00112,13
Conference,ICSE,2021,10.1109/ICSE43902.2021.00113,12
Conference,ICSE,2021,10.1109/ICSE43902.2021.00114,12
Conference,ICSE,2021,10.1109/ICSE43902.2021.00115,13
Conference,ICSE,2021,10.1109/ICSE43902.2021.00116,13
Conference,ICSE,2021,10.1109/ICSE43902.2021.00117,12
Conference,ICSE,2021,10.1109/ICSE43902.2021.00023,13
Conference,ICSE,2021,10.1109/ICSE43902.2021.00118,13
Conference,ICSE,2021,10.1109/ICSE43902.2021.00119,12
Conference,ICSE,2021,10.1109/ICSE43902.2021.00120,11
Conference,ICSE,2021,10.1109/ICSE43902.2021.00121,13
Conference,ICSE,2021,10.1109/ICSE43902.2021.00122,13
Conference,ICSE,2021,10.1109/ICSE43902.2021.00123,13
Conference,ICSE,2021,10.1109/ICSE43902.2021.00124,13
Conference,ICSE,2021,10.1109/ICSE43902.2021.00125,12
Conference,ICSE,2021,10.1109/ICSE43902.2021.00126,12
Conference,ICSE,2021,10.1109/ICSE43902.2021.00024,13
Conference,ICSE,2021,10.1109/ICSE43902.2021.00127,13
Conference,ICSE,2021,10.1109/ICSE43902.2021.00128,13
Conference,ICSE,2021,10.1109/ICSE43902.2021.00129,12
Conference,ICSE,2021,10.1109/ICSE43902.2021.00130,13
Conference,ICSE,2021,10.1109/ICSE43902.2021.00131,12
Conference,ICSE,2021,10.1109/ICSE43902.2021.00132,12
Conference,ICSE,2021,10.1109/ICSE43902.2021.00133,13
Conference,ICSE,2021,10.1109/ICSE43902.2021.00134,12
Conference,ICSE,2021,10.1109/ICSE43902.2021.00135,13
Conference,ICSE,2021,10.1109/ICSE43902.2021.00136,12
Conference,ICSE,2021,10.1109/ICSE43902.2021.00025,12
Conference,ICSE,2021,10.1109/ICSE43902.2021.00137,13
Conference,ICSE,2021,10.1109/ICSE43902.2021.00138,13
Conference,ICSE,2021,10.1109/ICSE43902.2021.00139,11
Conference,ICSE,2021,10.1109/ICSE43902.2021.00140,13
Conference,ICSE,2021,10.1109/ICSE43902.2021.00141,13
Conference,ICSE,2021,10.1109/ICSE43902.2021.00142,12
Conference,ICSE,2021,10.1109/ICSE43902.2021.00143,12
Conference,ICSE,2021,10.1109/ICSE43902.2021.00144,12
Conference,ICSE,2021,10.1109/ICSE43902.2021.00145,12
Conference,ICSE,2021,10.1109/ICSE43902.2021.00146,12
Conference,ICSE,2021,10.1109/ICSE43902.2021.00026,13
Conference,ICSE,2021,10.1109/ICSE43902.2021.00147,13
Conference,ICSE,2021,10.1109/ICSE43902.2021.00148,12
Conference,ICSE,2021,10.1109/ICSE43902.2021.00149,12
Conference,ICSE,2021,10.1109/ICSE43902.2021.00150,13
Conference,ICSE,2021,10.1109/ICSE43902.2021.00151,11
Conference,ICSE,2021,10.1109/ICSE43902.2021.00027,12
Conference,ICSE,2021,10.1109/ICSE43902.2021.00028,13
Conference,ICSE,2021,10.1109/ICSE43902.2021.00029,13
Conference,ICSE,2021,10.1109/ICSE43902.2021.00030,12
Conference,ICSE,2021,10.1109/ICSE43902.2021.00031,13
Conference,ICSE,2021,10.1109/ICSE43902.2021.00014,12
Conference,ICSE,2021,10.1109/ICSE43902.2021.00032,12
Conference,ICSE,2021,10.1109/ICSE43902.2021.00033,13
Conference,ICSE,2021,10.1109/ICSE43902.2021.00034,12
Conference,ICSE,2021,10.1109/ICSE43902.2021.00035,12
Conference,ICSE,2021,10.1109/ICSE43902.2021.00036,13
Conference,ICSE,2021,10.1109/ICSE43902.2021.00037,12
Conference,ICSE,2021,10.1109/ICSE43902.2021.00038,12
Conference,ICSE,2021,10.1109/ICSE43902.2021.00039,12
Conference,ICSE,2021,10.1109/ICSE43902.2021.00040,12
Conference,ICSE,2021,10.1109/ICSE43902.2021.00015,12
Conference,ICSE,2021,10.1109/ICSE43902.2021.00041,12
Conference,ICSE,2021,10.1109/ICSE43902.2021.00042,11
Conference,ICSE,2021,10.1109/ICSE43902.2021.00043,13
Conference,ICSE,2021,10.1109/ICSE43902.2021.00044,13
Conference,ICSE,2021,10.1109/ICSE43902.2021.00045,12
Conference,ICSE,2021,10.1109/ICSE43902.2021.00046,13
Conference,ICSE,2021,10.1109/ICSE43902.2021.00047,13
Conference,ICSE,2021,10.1109/ICSE43902.2021.00048,13
Conference,ICSE,2021,10.1109/ICSE43902.2021.00049,12
Conference,ICSE,2021,10.1109/ICSE43902.2021.00050,12
Conference,ICSE,2021,10.1109/ICSE43902.2021.00016,12
Conference,ICSE,2021,10.1109/ICSE43902.2021.00051,13
Conference,ICSE,2021,10.1109/ICSE43902.2021.00052,13
Conference,ICSE,2021,10.1109/ICSE43902.2021.00053,13
Conference,ICSE,2021,10.1109/ICSE43902.2021.00054,13
Conference,ICSE,2021,10.1109/ICSE43902.2021.00055,12
Conference,ICSE,2021,10.1109/ICSE43902.2021.00056,13
Conference,ICSE,2021,10.1109/ICSE43902.2021.00057,12
Conference,ICSE,2021,10.1109/ICSE43902.2021.00058,13
Conference,ICSE,2021,10.1109/ICSE43902.2021.00059,12
Conference,ICSE,2021,10.1109/ICSE43902.2021.00060,13
Conference,ICSE,2021,10.1109/ICSE43902.2021.00017,13
Conference,ICSE,2021,10.1109/ICSE43902.2021.00061,13
Conference,ICSE,2021,10.1109/ICSE43902.2021.00062,13
Conference,ICSE,2021,10.1109/ICSE43902.2021.00063,11
Conference,ICSE,2021,10.1109/ICSE43902.2021.00064,13
Conference,ICSE,2021,10.1109/ICSE43902.2021.00065,12
Conference,ICSE,2021,10.1109/ICSE43902.2021.00066,12
Conference,ICSE,2021,10.1109/ICSE43902.2021.00067,13
Conference,ICSE,2021,10.1109/ICSE43902.2021.00068,12
Conference,ICSE,2021,10.1109/ICSE43902.2021.00069,13
Conference,ICSE,2021,10.1109/ICSE43902.2021.00018,12
Conference,ICSE,2021,10.1109/ICSE43902.2021.00070,12
Conference,ICSE,2021,10.1109/ICSE43902.2021.00071,12
Conference,ICSE,2021,10.1109/ICSE43902.2021.00072,13
Conference,ICSE,2021,10.1109/ICSE43902.2021.00073,12
Conference,ICSE,2021,10.1109/ICSE43902.2021.00074,13
Conference,ICSE,2021,10.1109/ICSE43902.2021.00075,12
Conference,ICSE,2021,10.1109/ICSE43902.2021.00076,12
Conference,ICSE,2021,10.1109/ICSE43902.2021.00077,12
Conference,ICSE,2021,10.1109/ICSE43902.2021.00078,13
Conference,ICSE,2021,10.1109/ICSE43902.2021.00079,13
Conference,ICSE,2021,10.1109/ICSE43902.2021.00019,12
Conference,ICSE,2021,10.1109/ICSE43902.2021.00080,12
Conference,ICSE,2021,10.1109/ICSE43902.2021.00081,12
Conference,ICSE,2021,10.1109/ICSE43902.2021.00082,13
Conference,ICSE,2021,10.1109/ICSE43902.2021.00083,13
Conference,ICSE,2021,10.1109/ICSE43902.2021.00084,12
Conference,ICSE,2021,10.1109/ICSE43902.2021.00085,12
Conference,ICSE,2021,10.1109/ICSE43902.2021.00086,13
Conference,ICSE,2021,10.1109/ICSE43902.2021.00087,12
Conference,ICSE,2021,10.1109/ICSE43902.2021.00088,11
Conference,ICSE,2021,10.1109/ICSE43902.2021.00089,13
Conference,ICSE,2021,10.1109/ICSE43902.2021.00020,12
Conference,ICSE,2021,10.1109/ICSE43902.2021.00090,11
Conference,ICSE,2021,10.1109/ICSE43902.2021.00091,13
Conference,ICSE,2021,10.1109/ICSE43902.2021.00092,12
Conference,ICSE,2021,10.1109/ICSE43902.2021.00093,13
Conference,ICSE,2021,10.1109/ICSE43902.2021.00094,13
Conference,ICSE,2021,10.1109/ICSE43902.2021.00095,12
Conference,ICSE,2021,10.1109/ICSE43902.2021.00096,13
Conference,ICSE,2021,10.1109/ICSE43902.2021.00097,13
Conference,ICSE,2021,10.1109/ICSE43902.2021.00098,13
Conference,ICSE,2021,10.1109/ICSE43902.2021.00021,13
Conference,ICSE,2021,10.1109/ICSE43902.2021.00099,13
Conference,ICSE,2021,10.1109/ICSE43902.2021.00100,13
Conference,ICSE,2021,10.1109/ICSE43902.2021.00101,13
Conference,ICSE,2021,10.1109/ICSE43902.2021.00102,13
Conference,ICSE,2021,10.1109/ICSE43902.2021.00103,12
Conference,ICSE,2021,10.1109/ICSE43902.2021.00104,12
Conference,ICSE,2021,10.1109/ICSE43902.2021.00105,13
Conference,ICSE,2021,10.1109/ICSE43902.2021.00106,13
Conference,ICSE,2021,10.1109/ICSE43902.2021.00107,13
Conference,ICSE,2022,10.1145/3510003.3510208,12
Conference,ICSE,2022,10.1145/351003.3510111,13
Conference,ICSE,2022,10.1145/3510003.3510210,12
Conference,ICSE,2022,10.1145/3510003.3510105,11
Conference,ICSE,2022,10.1145/3510003.3510218,12
Conference,ICSE,2022,10.1145/3510003.3510136,13
Conference,ICSE,2022,10.1145/3510003.3510085,12
Conference,ICSE,2022,10.1145/3510003.3510232,13
Conference,ICSE,2022,10.1145/3510003.3510199,13
Conference,ICSE,2022,10.1145/3510003.3510081,13
Conference,ICSE,2022,10.1145/3510003.3510079,13
Conference,ICSE,2022,10.1145/3510003.3510074,13
Conference,ICSE,2022,10.1145/3510003.3510158,12
Conference,ICSE,2022,10.1145/3510003.3510224,13
Conference,ICSE,2022,10.1145/3510003.3510149,12
Conference,ICSE,2022,10.1145/3510003.3510150,12
Conference,ICSE,2022,10.1145/3510003.3510157,13
Conference,ICSE,2022,10.1145/3510003.3510102,12
Conference,ICSE,2022,10.1145/3510003.3510068,13
Conference,ICSE,2022,10.1145/3510003.3510093,12
Conference,ICSE,2022,10.1145/3510003.3510067,12
Conference,ICSE,2022,10.1145/3510003.3510182,13
Conference,ICSE,2022,10.1145/3510003.3510619,12
Conference,ICSE,2022,10.1145/3510003.3512765,13
Conference,ICSE,2022,10.1145/3510003.3510062,12
Conference,ICSE,2022,10.1145/3510003.3510108,13
Conference,ICSE,2022,10.1145/3510003.3510132,13
Conference,ICSE,2022,10.1145/3510003.3510200,13
Conference,ICSE,2022,10.1145/3510003.3510080,12
Conference,ICSE,2022,10.1145/3510003.3510065,13
Conference,ICSE,2022,10.1145/3510003.3510114,13
Conference,ICSE,2022,10.1145/3510003.3510159,12
Conference,ICSE,2022,10.1145/3510003.3510140,13
Conference,ICSE,2022,10.1145/3510003.3510172,12
Conference,ICSE,2022,10.1145/3510003.3510209,13
Conference,ICSE,2022,10.1145/3510003.3510151,12
Conference,ICSE,2022,10.1145/3510003.3510628,13
Conference,ICSE,2022,10.1145/3510003.3510078,11
Conference,ICSE,2022,10.1145/3510003.3510084,12
Conference,ICSE,2022,10.1145/3510003.3510178,13
Conference,ICSE,2022,10.1145/3510003.3510125,12
Conference,ICSE,2022,10.1145/3510003.3510220,12
Conference,ICSE,2022,10.1145/3510003.3510177,13
Conference,ICSE,2022,10.1145/3510003.3510051,12
Conference,ICSE,2022,10.1145/3510003.3510064,13
Conference,ICSE,2022,10.1145/3510003.3512759,12
Conference,ICSE,2022,10.1145/3510003.3510071,12
Conference,ICSE,2022,10.1145/3510003.3510099,13
Conference,ICSE,2022,10.1145/3510003.3510095,12
Conference,ICSE,2022,10.1145/3510003.3510231,12
Conference,ICSE,2022,10.1145/3510003.3510171,13
Conference,ICSE,2022,10.1145/3510003.3510180,12
Conference,ICSE,2022,10.1145/3510003.3512760,12
Conference,ICSE,2022,10.1145/3510003.3510045,12
Conference,ICSE,2022,10.1145/3510003.3510126,13
Conference,ICSE,2022,10.1145/3510003.3510142,13
Conference,ICSE,2022,10.1145/3510003.3510058,13
Conference,ICSE,2022,10.1145/3510003.3510214,12
Conference,ICSE,2022,10.1145/3510003.3510135,13
Conference,ICSE,2022,10.1145/3510003.3510225,13
Conference,ICSE,2022,10.1145/3510003.3510138,13
Conference,ICSE,2022,10.1145/3510003.3510201,12
Conference,ICSE,2022,10.1145/3510003.3510097,12
Conference,ICSE,2022,10.1145/3510003.3510054,12
Conference,ICSE,2022,10.1145/3510003.3510165,13
Conference,ICSE,2022,10.1145/3510003.3510188,12
Conference,ICSE,2022,10.1145/3510003.3510145,12
Conference,ICSE,2022,10.1145/3510003.3510088,12
Conference,ICSE,2022,10.1145/3510003.3510089,12
Conference,ICSE,2022,10.1145/3510003.3510112,12
Conference,ICSE,2022,10.1145/3510003.3510137,12
Conference,ICSE,2022,10.1145/3510003.3510047,13
Conference,ICSE,2022,10.1145/3510003.3510169,13
Conference,ICSE,2022,10.1145/3510003.3510202,12
Conference,ICSE,2022,10.1145/3510003.3510087,13
Conference,ICSE,2022,10.1145/3510003.3510046,12
Conference,ICSE,2022,10.1145/3510003.3510042,12
Conference,ICSE,2022,10.1145/3510003.3510073,12
Conference,ICSE,2022,10.1145/3510003.3510069,12
Conference,ICSE,2022,10.1145/3510003.3510194,13
Conference,ICSE,2022,10.1145/3510003.3510041,13
Conference,ICSE,2022,10.1145/3510003.3510120,13
Conference,ICSE,2022,10.1145/3510003.3510107,12
Conference,ICSE,2022,10.1145/3510003.3510129,12
Conference,ICSE,2022,10.1145/3510003.3510048,13
Conference,ICSE,2022,10.1145/3510003.3510116,12
Conference,ICSE,2022,10.1145/3510003.3510228,12
Conference,ICSE,2022,10.1145/3510003.3510221,13
Conference,ICSE,2022,10.1145/3510003.3510101,12
Conference,ICSE,2022,10.1145/3510003.3510156,13
Conference,ICSE,2022,10.1145/3510003.3510139,13
Conference,ICSE,2022,10.1145/3510003.3510059,12
Conference,ICSE,2022,10.1145/3510003.3510109,12
Conference,ICSE,2022,10.1145/3510003.3519016,12
Conference,ICSE,2022,10.1145/3510003.3510147,12
Conference,ICSE,2022,10.1145/3510003.3510206,12
Conference,ICSE,2022,10.1145/3510003.3510176,13
Conference,ICSE,2022,10.1145/3510003.3510115,13
Conference,ICSE,2022,10.1145/3510003.3510203,13
Journal,TSE,2022,10.1109/TSE.2019.2962027,36
Journal,TSE,2022,10.1109/TSE.2020.2976920,16
Journal,TSE,2022,10.1109/TSE.2020.2977016,16
Journal,TSE,2022,10.1109/TSE.2020.2977907,13
Journal,TSE,2022,10.1109/TSE.2020.2978819,20
Journal,TSE,2022,10.1109/TSE.2020.2979701,18
Journal,TSE,2022,10.1109/TSE.2020.2981310,15
Journal,TSE,2022,10.1109/TSE.2020.2981898,15
Journal,TSE,2022,10.1109/TSE.2020.2982154,16
Journal,TSE,2022,10.1109/TSE.2020.2982385,20
Journal,TSE,2022,10.1109/TSE.2020.2982638,23
Journal,TSE,2022,10.1109/TSE.2020.2983399,16
Journal,TSE,2022,10.1109/TSE.2020.2984086,16
Journal,TSE,2022,10.1109/TSE.2020.2984173,19
Journal,TSE,2022,10.1109/TSE.2020.2985093,18
Journal,TSE,2022,10.1109/TSE.2020.2986415,17
Journal,TSE,2022,10.1109/TSE.2020.2987377,14
Journal,TSE,2022,10.1109/TSE.2020.2987862,18
Journal,TSE,2022,10.1109/TSE.2020.2989002,19
Journal,TSE,2022,10.1109/TSE.2020.2989171,18
Journal,TSE,2022,10.1109/TSE.2021.3102982,21
Journal,TSE,2022,10.1109/TSE.2021.3104732,16
Journal,TSE,2022,10.1109/TSE.2021.3105037,18
Journal,TSE,2022,10.1109/TSE.2021.3105556,19
Journal,TSE,2022,10.1109/TSE.2021.3106247,18
Journal,TSE,2022,10.1109/TSE.2021.3106280,25
Journal,TSE,2022,10.1109/TSE.2021.3106589,29
Journal,TSE,2022,10.1109/TSE.2021.3106572,15
Journal,TSE,2022,10.1109/TSE.2021.3106964,23
Journal,TSE,2022,10.1109/TSE.2021.3107634,13
Journal,TSE,2022,10.1109/TSE.2021.3107680,27
Journal,TSE,2022,10.1109/TSE.2021.3108032,14
Journal,TSE,2022,10.1109/TSE.2021.3108162,15
Journal,TSE,2022,10.1109/TSE.2021.3108935,19
Journal,TSE,2022,10.1109/TSE.2021.3109617,14
Journal,TSE,2022,10.1109/TSE.2021.3109842,12
Journal,TSE,2022,10.1109/TSE.2021.3109563,27
Journal,TSE,2022,10.1109/TSE.2021.3110191,19
Journal,TSE,2022,10.1109/TSE.2021.3111169,14
Journal,TSE,2022,10.1109/TSE.2021.3112503,13
Journal,TSE,2022,10.1109/TSE.2021.3112204,13
Journal,TSE,2022,10.1109/TSE.2021.3113859,19
Journal,TSE,2022,10.1109/TSE.2021.3113920,33
Journal,TSE,2022,10.1109/TSE.2021.3113940,15
Journal,TSE,2022,10.1109/TSE.2021.3114353,14
Journal,TSE,2022,10.1109/TSE.2021.3114381,33
Journal,TSE,2022,10.1109/TSE.2021.3115772,15
Journal,TSE,2022,10.1109/TSE.2021.3113558,20
Journal,TSE,2022,10.1109/TSE.2021.3115506,25
Journal,TSE,2022,10.1109/TSE.2021.3116768,17
Journal,TSE,2022,10.1109/TSE.2021.3116808,28
Journal,TSE,2022,10.1109/TSE.2021.3117023,20
Journal,TSE,2022,10.1109/TSE.2021.3117515,18
Journal,TSE,2022,10.1109/TSE.2021.3117590,23
Journal,TSE,2022,10.1109/TSE.2021.3117966,17
Journal,TSE,2022,10.1109/TSE.2021.3119012,14
Journal,TSE,2022,10.1109/TSE.2021.3119186,22
Journal,TSE,2022,10.1109/TSE.2021.3119721,14
Journal,TSE,2022,10.1109/TSE.2021.3119771,18
Journal,TSE,2022,10.1109/TSE.2021.3119980,20
Journal,TSE,2022,10.1109/TSE.2021.3120203,16
Journal,TSE,2022,10.1109/TSE.2021.3120213,20
Journal,TSE,2022,10.1109/TSE.2021.3120367,14
Journal,TSE,2022,10.1109/TSE.2021.3120680,18
Journal,TSE,2022,10.1109/TSE.2021.3121253,16
Journal,TSE,2022,10.1109/TSE.2021.3121994,21
Journal,TSE,2022,10.1109/TSE.2021.3123143,21
Journal,TSE,2022,10.1109/TSE.2021.3123170,19
Journal,TSE,2022,10.1109/TSE.2021.3124006,17
Journal,TSE,2022,10.1109/TSE.2021.3124332,28
Journal,TSE,2022,10.1109/TSE.2021.3124677,17
Journal,TSE,2022,10.1109/TSE.2021.3125203,25
Journal,TSE,2022,10.1109/TSE.2021.3124323,16
Journal,TSE,2022,10.1109/TSE.2021.3124795,29
Journal,TSE,2022,10.1109/TSE.2021.3125720,27
Journal,TSE,2022,10.1109/TSE.2021.3127131,13
Journal,TSE,2022,10.1109/TSE.2021.3127350,16
Journal,TSE,2022,10.1109/TSE.2021.3128234,20
Journal,TSE,2022,10.1109/TSE.2021.3128356,19
Journal,TSE,2022,10.1109/TSE.2021.3128820,16
Journal,TSE,2022,10.1109/TSE.2021.3129165,19
Journal,TSE,2022,10.1109/TSE.2021.3129355,15
Journal,TSE,2022,10.1109/TSE.2021.3129688,18
Journal,TSE,2022,10.1109/TSE.2021.3129889,22
Journal,TSE,2022,10.1109/TSE.2021.3130088,17
Journal,TSE,2022,10.1109/TSE.2021.3130098,22
Journal,TSE,2022,10.1109/TSE.2021.3131529,21
Journal,TSE,2022,10.1109/TSE.2021.3131548,23
Journal,TSE,2022,10.1109/TSE.2021.3131950,20
Journal,TSE,2022,10.1109/TSE.2021.3135465,18
Journal,TSE,2022,10.1109/TSE.2021.3135875,19
Journal,TSE,2022,10.1109/TSE.2021.3136169,15
Journal,TSE,2022,10.1109/TSE.2021.3137929,18
Journal,TSE,2022,10.1109/TSE.2021.3138735,16
Journal,TSE,2022,10.1109/TSE.2021.3139216,12
Journal,TSE,2022,10.1109/TSE.2021.3139961,10
Journal,TSE,2022,10.1109/TSE.2022.3140230,18
Journal,TSE,2022,10.1109/TSE.2022.3140599,12
Journal,TSE,2022,10.1109/TSE.2022.3141758,24
Journal,TSE,2022,10.1109/TSE.2020.2981317,13
Journal,TSE,2022,10.1109/TSE.2020.2988241,20
Journal,TSE,2022,10.1109/TSE.2020.2989506,20
Journal,TSE,2022,10.1109/TSE.2020.2988396,15
Journal,TSE,2022,10.1109/TSE.2020.2991699,21
Journal,TSE,2022,10.1109/TSE.2020.2992428,13
Journal,TSE,2022,10.1109/TSE.2020.2989666,19
Journal,TSE,2022,10.1109/TSE.2020.2993758,17
Journal,TSE,2022,10.1109/TSE.2020.2994006,17
Journal,TSE,2022,10.1109/TSE.2020.2995736,19
Journal,TSE,2022,10.1109/TSE.2020.2996033,13
Journal,TSE,2022,10.1109/TSE.2020.2996433,20
Journal,TSE,2022,10.1109/TSE.2020.2996975,14
Journal,TSE,2022,10.1109/TSE.2020.2998503,32
Journal,TSE,2022,10.1109/TSE.2020.2998527,20
Journal,TSE,2022,10.1109/TSE.2020.2998785,25
Journal,TSE,2022,10.1109/TSE.2020.2999364,16
Journal,TSE,2022,10.1109/TSE.2020.2999534,13
Journal,TSE,2022,10.1109/TSE.2020.2999884,22
Journal,TSE,2022,10.1109/TSE.2020.3000520,19
Journal,TSE,2022,10.1109/TSE.2020.3001257,23
Journal,TSE,2022,10.1109/TSE.2020.3001339,18
Journal,TSE,2022,10.1109/TSE.2020.3001512,13
Journal,TSE,2022,10.1109/TSE.2020.3001739,17
Journal,TSE,2022,10.1109/TSE.2020.3002496,16
Journal,TSE,2022,10.1109/TSE.2020.3003413,16
Journal,TSE,2022,10.1109/TSE.2020.3004525,13
Journal,TSE,2022,10.1109/TSE.2020.3004892,16
Journal,TSE,2022,10.1109/TSE.2020.3005995,15
Journal,TSE,2022,10.1109/TSE.2020.3007554,14
Journal,TSE,2022,10.1109/TSE.2020.3007560,17
Journal,TSE,2022,10.1109/TSE.2020.3007664,20
Journal,TSE,2022,10.1109/TSE.2020.3007722,21
Journal,TSE,2022,10.1109/TSE.2020.3008850,22
Journal,TSE,2022,10.1109/TSE.2020.3008852,28
Journal,TSE,2022,10.1109/TSE.2020.3009698,17
Journal,TSE,2022,10.1109/TSE.2020.3010045,12
Journal,TSE,2022,10.1109/TSE.2020.3010317,37
Journal,TSE,2022,10.1109/TSE.2020.3010361,30
Journal,TSE,2022,10.1109/TSE.2020.3011388,18
Journal,TSE,2022,10.1109/TSE.2020.3013438,23
Journal,TSE,2022,10.1109/TSE.2020.3013716,16
Journal,TSE,2022,10.1109/TSE.2020.3014394,15
Journal,TSE,2022,10.1109/TSE.2020.3014960,16
Journal,TSE,2022,10.1109/TSE.2020.3016006,27
Journal,TSE,2022,10.1109/TSE.2020.3016778,16
Journal,TSE,2022,10.1109/TSE.2020.3017336,21
Journal,TSE,2022,10.1109/TSE.2020.3017794,19
Journal,TSE,2022,10.1109/TSE.2020.3018481,22
Journal,TSE,2022,10.1109/TSE.2020.3017514,19
Journal,TSE,2022,10.1109/TSE.2020.3018726,27
Journal,TSE,2022,10.1109/TSE.2020.3019406,15
Journal,TSE,2022,10.1109/TSE.2020.3019892,18
Journal,TSE,2022,10.1109/TSE.2020.3020013,16
Journal,TSE,2022,10.1109/TSE.2020.3020502,15
Journal,TSE,2022,10.1109/TSE.2020.3021380,17
Journal,TSE,2022,10.1109/TSE.2020.3021477,15
Journal,TSE,2022,10.1109/TSE.2020.3021736,19
Journal,TSE,2022,10.1109/TSE.2020.3022212,12
Journal,TSE,2022,10.1109/TSE.2020.3021902,17
Journal,TSE,2022,10.1109/TSE.2020.3023177,17
Journal,TSE,2022,10.1109/TSE.2020.3023664,18
Journal,TSE,2022,10.1109/TSE.2020.3023735,14
Journal,TSE,2022,10.1109/TSE.2020.3023955,16
Journal,TSE,2022,10.1109/TSE.2020.3024215,15
Journal,TSE,2022,10.1109/TSE.2020.3024814,19
Journal,TSE,2022,10.1109/TSE.2020.3025317,13
Journal,TSE,2022,10.1109/TSE.2020.3025443,18
Journal,TSE,2022,10.1109/TSE.2020.3025732,20
Journal,TSE,2022,10.1109/TSE.2020.3027255,14
Journal,TSE,2022,10.1109/TSE.2020.3027522,21
Journal,TSE,2022,10.1109/TSE.2020.3030745,11
Journal,TSE,2022,10.1109/TSE.2020.3031401,16
Journal,TSE,2022,10.1109/TSE.2020.3032064,13
Journal,TSE,2022,10.1109/TSE.2020.3032557,17
Journal,TSE,2022,10.1109/TSE.2020.3032986,21
Journal,TSE,2022,10.1109/TSE.2020.3034721,28
Journal,TSE,2022,10.1109/TSE.2020.3036108,29
Journal,TSE,2022,10.1109/TSE.2020.3038681,18
Journal,TSE,2022,10.1109/TSE.2020.3038802,16
Journal,TSE,2022,10.1109/TSE.2020.3038881,19
Journal,TSE,2022,10.1109/TSE.2020.3040554,15
Journal,TSE,2022,10.1109/TSE.2020.3040793,15
Journal,TSE,2022,10.1109/TSE.2020.3040935,22
Journal,TSE,2022,10.1109/TSE.2020.3042553,24
Journal,TSE,2022,10.1109/TSE.2020.3042610,18
Journal,TSE,2022,10.1109/TSE.2020.3042747,18
Journal,TSE,2022,10.1109/TSE.2020.3044532,14
Journal,TSE,2022,10.1109/TSE.2020.3045914,15
Journal,TSE,2022,10.1109/TSE.2020.3047072,16
Journal,TSE,2022,10.1109/TSE.2020.3047088,18
Journal,TSE,2022,10.1109/TSE.2020.3047766,12
Journal,TSE,2022,10.1109/TSE.2020.3048335,13
Journal,TSE,2022,10.1109/TSE.2020.3048991,13
Journal,TSE,2022,10.1109/TSE.2021.3049735,20
Journal,TSE,2022,10.1109/TSE.2021.3051492,19
Journal,TSE,2022,10.1109/TSE.2021.3051898,23
Journal,TSE,2022,10.1109/TSE.2021.3052177,13
Journal,TSE,2022,10.1109/TSE.2021.3052987,16
Journal,TSE,2022,10.1109/TSE.2021.3053111,16
Journal,TSE,2022,10.1109/TSE.2021.3053403,16
Journal,TSE,2022,10.1109/TSE.2021.3054928,19
Journal,TSE,2022,10.1109/TSE.2021.3055123,16
Journal,TSE,2022,10.1109/TSE.2021.3056139,21
Journal,TSE,2022,10.1109/TSE.2021.3056941,17
Journal,TSE,2022,10.1109/TSE.2021.3057163,15
Journal,TSE,2022,10.1109/TSE.2021.3057720,18
Journal,TSE,2022,10.1109/TSE.2021.3057767,22
Journal,TSE,2022,10.1109/TSE.2021.3057853,22
Journal,TSE,2022,10.1109/TSE.2021.3058671,20
Journal,TSE,2022,10.1109/TSE.2021.3058985,17
Journal,TSE,2022,10.1109/TSE.2021.3059481,23
Journal,TSE,2022,10.1109/TSE.2021.3059885,18
Journal,TSE,2022,10.1109/TSE.2021.3059907,22
Journal,TSE,2022,10.1109/TSE.2021.3060068,16
Journal,TSE,2022,10.1109/TSE.2021.3060344,21
Journal,TSE,2022,10.1109/TSE.2021.3060918,19
Journal,TSE,2022,10.1109/TSE.2021.3061527,15
Journal,TSE,2022,10.1109/TSE.2021.3062968,16
Journal,TSE,2022,10.1109/TSE.2021.3063220,15
Journal,TSE,2022,10.1109/TSE.2021.3063727,16
Journal,TSE,2022,10.1109/TSE.2021.3064447,13
Journal,TSE,2022,10.1109/TSE.2021.3064953,14
Journal,TSE,2022,10.1109/TSE.2021.3065584,22
Journal,TSE,2022,10.1109/TSE.2021.3065950,23
Journal,TSE,2022,10.1109/TSE.2021.3066330,14
Journal,TSE,2022,10.1109/TSE.2021.3067061,15
Journal,TSE,2022,10.1109/TSE.2021.3067156,22
Journal,TSE,2022,10.1109/TSE.2021.3067652,15
Journal,TSE,2022,10.1109/TSE.2021.3068901,14
Journal,TSE,2022,10.1109/TSE.2021.3069039,23
Journal,TSE,2022,10.1109/TSE.2021.3069192,16
Journal,TSE,2022,10.1109/TSE.2021.3069958,13
Journal,TSE,2022,10.1109/TSE.2021.3069978,23
Journal,TSE,2022,10.1109/TSE.2021.3070269,18
Journal,TSE,2022,10.1109/TSE.2021.3070480,12
Journal,TSE,2022,10.1109/TSE.2021.3070559,22
Journal,TSE,2022,10.1109/TSE.2021.3070549,21
Journal,TSE,2022,10.1109/TSE.2021.3070692,22
Journal,TSE,2022,10.1109/TSE.2021.3071193,26
Journal,TSE,2022,10.1109/TSE.2021.3071473,15
Journal,TSE,2022,10.1109/TSE.2021.3071750,19
Journal,TSE,2022,10.1109/TSE.2021.3073242,16
Journal,TSE,2022,10.1109/TSE.2021.3073773,14
Journal,TSE,2022,10.1109/TSE.2021.3073920,18
Journal,TSE,2022,10.1109/TSE.2021.3074309,23
Journal,TSE,2022,10.1109/TSE.2021.3075215,15
Journal,TSE,2022,10.1109/TSE.2021.3076179,19
Journal,TSE,2022,10.1109/TSE.2021.3077654,22
Journal,TSE,2022,10.1109/TSE.2021.3078342,21
Journal,TSE,2022,10.1109/TSE.2021.3078384,16
Journal,TSE,2022,10.1109/TSE.2021.3079841,14
Journal,TSE,2022,10.1109/TSE.2021.3080666,14
Journal,TSE,2022,10.1109/TSE.2021.3081171,14
Journal,TSE,2022,10.1109/TSE.2021.3082068,14
Journal,TSE,2022,10.1109/TSE.2021.3082074,26
Journal,TSE,2022,10.1109/TSE.2021.3083360,21
Journal,TSE,2022,10.1109/TSE.2021.3083321,21
Journal,TSE,2022,10.1109/TSE.2021.3083715,15
Journal,TSE,2022,10.1109/TSE.2021.3086494,26
Journal,TSE,2022,10.1109/TSE.2021.3087087,12
Journal,TSE,2022,10.1109/TSE.2021.3087402,17
Journal,TSE,2022,10.1109/TSE.2021.3087419,13
Journal,TSE,2022,10.1109/TSE.2021.3087792,16
Journal,TSE,2022,10.1109/TSE.2021.3087906,16
Journal,TSE,2022,10.1109/TSE.2021.3088759,19
Journal,TSE,2022,10.1109/TSE.2021.3092692,17
Journal,TSE,2022,10.1109/TSE.2021.3092705,16
Journal,TSE,2022,10.1109/TSE.2021.3092813,16
Journal,TSE,2022,10.1109/TSE.2021.3093246,13
Journal,TSE,2022,10.1109/TSE.2021.3093761,19
Journal,TSE,2022,10.1109/TSE.2021.3093926,25
Journal,TSE,2022,10.1109/TSE.2021.3094171,18
Journal,TSE,2022,10.1109/TSE.2021.3095716,21
Journal,TSE,2022,10.1109/TSE.2021.3098242,18
Journal,TSE,2022,10.1109/TSE.2021.3099532,16
Journal,TSE,2022,10.1109/TSE.2021.3100858,14
Journal,TSE,2022,10.1109/TSE.2021.3101130,19
Journal,TSE,2022,10.1109/TSE.2021.3101192,20
Journal,TSE,2022,10.1109/TSE.2021.3101478,20
Journal,TSE,2022,10.1109/TSE.2021.3101739,13
Journal,TSE,2022,10.1109/TSE.2021.3101732,14
Journal,TSE,2022,10.1109/TSE.2021.3101870,24
Journal,TSE,2022,10.1109/TSE.2021.3101818,22
Journal,TSE,2022,10.1109/TSE.2021.3102221,30
Journal,EMSE,2022,10.1007/s10664-020-09930-8,43
Journal,EMSE,2022,10.1007/s10664-021-10009-1,42
Journal,EMSE,2022,10.1007/s10664-021-10012-6,41
Journal,EMSE,2022,10.1007/s10664-021-10013-5,41
Journal,EMSE,2022,10.1007/s10664-021-10017-1,38
Journal,EMSE,2022,10.1007/s10664-021-10020-6,43
Journal,EMSE,2022,10.1007/s10664-021-10027-z,43
Journal,EMSE,2022,10.1007/s10664-021-10028-y,32
Journal,EMSE,2022,10.1007/s10664-021-10029-x,39
Journal,EMSE,2022,10.1007/s10664-021-10033-1,35
Journal,EMSE,2022,10.1007/s10664-021-10034-0,53
Journal,EMSE,2022,10.1007/s10664-021-10035-z,40
Journal,EMSE,2022,10.1007/s10664-021-10036-y,26
Journal,EMSE,2022,10.1007/s10664-021-10040-2,32
Journal,EMSE,2022,10.1007/s10664-021-10043-z,56
Journal,EMSE,2022,10.1007/s10664-021-10044-y,63
Journal,EMSE,2022,10.1007/s10664-021-10045-x,43
Journal,EMSE,2022,10.1007/s10664-021-10046-w,30
Journal,EMSE,2022,10.1007/s10664-021-10047-9,33
Journal,EMSE,2022,10.1007/s10664-021-10048-8,62
Journal,EMSE,2022,10.1007/s10664-021-10049-7,31
Journal,EMSE,2022,10.1007/s10664-021-10050-0,33
Journal,EMSE,2022,10.1007/s10664-021-10051-z,31
Journal,EMSE,2022,10.1007/s10664-021-10052-y,42
Journal,EMSE,2022,10.1007/s10664-021-10053-x,26
Journal,EMSE,2022,10.1007/s10664-021-10054-w,52
Journal,EMSE,2022,10.1007/s10664-021-10057-7,49
Journal,EMSE,2022,10.1007/s10664-021-10058-6,32
Journal,EMSE,2022,10.1007/s10664-021-10059-5,41
Journal,EMSE,2022,10.1007/s10664-021-10060-y,38
Journal,EMSE,2022,10.1007/s10664-021-10061-x,32
Journal,EMSE,2022,10.1007/s10664-021-10062-w,34
Journal,EMSE,2022,10.1007/s10664-021-10063-9,28
Journal,EMSE,2022,10.1007/s10664-021-10064-8,32
Journal,EMSE,2022,10.1007/s10664-021-10065-7,63
Journal,EMSE,2022,10.1007/s10664-021-10066-6,43
Journal,EMSE,2022,10.1007/s10664-021-10067-5,34
Journal,EMSE,2022,10.1007/s10664-021-10068-4,42
Journal,EMSE,2022,10.1007/s10664-021-10069-3,25
Journal,EMSE,2022,10.1007/s10664-021-10070-w,41
Journal,EMSE,2022,10.1007/s10664-021-10071-9,42
Journal,EMSE,2022,10.1007/s10664-021-10072-8,31
Journal,EMSE,2022,10.1007/s10664-021-10073-7,30
Journal,EMSE,2022,10.1007/s10664-021-10074-6,47
Journal,EMSE,2022,10.1007/s10664-021-10075-5,43
Journal,EMSE,2022,10.1007/s10664-021-10076-4,30
Journal,EMSE,2022,10.1007/s10664-021-10077-3,39
Journal,EMSE,2022,10.1007/s10664-021-10078-2,47
Journal,EMSE,2022,10.1007/s10664-021-10079-1,43
Journal,EMSE,2022,10.1007/s10664-021-10080-8,28
Journal,EMSE,2022,10.1007/s10664-021-10081-7,26
Journal,EMSE,2022,10.1007/s10664-021-10082-6,31
Journal,EMSE,2022,10.1007/s10664-021-10083-5,49
Journal,EMSE,2022,10.1007/s10664-021-10084-4,49
Journal,EMSE,2022,10.1007/s10664-021-10085-3,37
Journal,EMSE,2022,10.1007/s10664-021-10086-2,38
Journal,EMSE,2022,10.1007/s10664-021-10087-1,37
Journal,EMSE,2022,10.1007/s10664-021-10088-0,44
Journal,EMSE,2022,10.1007/s10664-021-10089-z,31
Journal,EMSE,2022,10.1007/s10664-021-10090-6,41
Journal,EMSE,2022,10.1007/s10664-021-10091-5,53
Journal,EMSE,2022,10.1007/s10664-021-10092-4,49
Journal,EMSE,2022,10.1007/s10664-021-10093-3,45
Journal,EMSE,2022,10.1007/s10664-021-10094-2,35
Journal,EMSE,2022,10.1007/s10664-021-10095-1,33
Journal,EMSE,2022,10.1007/s10664-021-10096-0,31
Journal,EMSE,2022,10.1007/s10664-021-10097-z,53
Journal,EMSE,2022,10.1007/s10664-021-10098-y,26
Journal,EMSE,2022,10.1007/s10664-021-10099-x,75
Journal,EMSE,2022,10.1007/s10664-021-10100-7,43
Journal,EMSE,2022,10.1007/s10664-021-10101-6,44
Journal,EMSE,2022,10.1007/s10664-021-10102-5,34
Journal,EMSE,2022,10.1007/s10664-021-10103-4,29
Journal,EMSE,2022,10.1007/s10664-021-10104-3,35
Journal,EMSE,2022,10.1007/s10664-021-10105-2,65
Journal,EMSE,2022,10.1007/s10664-021-10106-1,29
Journal,EMSE,2022,10.1007/s10664-021-10107-0,36
Journal,EMSE,2022,10.1007/s10664-021-10108-z,54
Journal,EMSE,2022,10.1007/s10664-021-10109-y,29
Journal,EMSE,2022,10.1007/s10664-021-10110-5,35
Journal,EMSE,2022,10.1007/s10664-021-10111-4,32
Journal,EMSE,2022,10.1007/s10664-021-10112-3,38
Journal,EMSE,2022,10.1007/s10664-021-10113-2,52
Journal,EMSE,2022,10.1007/s10664-021-10114-1,61
Journal,EMSE,2022,10.1007/s10664-021-10115-0,50
Journal,EMSE,2022,10.1007/s10664-022-10116-7,36
Journal,EMSE,2022,10.1007/s10664-022-10117-6,26
Journal,EMSE,2022,10.1007/s10664-022-10118-5,38
Journal,EMSE,2022,10.1007/s10664-022-10119-4,42
Journal,EMSE,2022,10.1007/s10664-022-10120-x,50
Journal,EMSE,2022,10.1007/s10664-022-10121-w,37
Journal,EMSE,2022,10.1007/s10664-022-10122-9,33
Journal,EMSE,2022,10.1007/s10664-022-10123-8,46
Journal,EMSE,2022,10.1007/s10664-022-10125-6,42
Journal,EMSE,2022,10.1007/s10664-022-10126-5,44
Journal,EMSE,2022,10.1007/s10664-022-10127-4,46
Journal,EMSE,2022,10.1007/s10664-022-10128-3,37
Journal,EMSE,2022,10.1007/s10664-022-10129-2,49
Journal,EMSE,2022,10.1007/s10664-022-10130-9,36
Journal,EMSE,2022,10.1007/s10664-022-10131-8,41
Journal,EMSE,2022,10.1007/s10664-022-10132-7,45
Journal,EMSE,2022,10.1007/s10664-022-10133-6,34
Journal,EMSE,2022,10.1007/s10664-022-10134-5,38
Journal,EMSE,2022,10.1007/s10664-022-10136-3,44
Journal,EMSE,2022,10.1007/s10664-022-10137-2,42
Journal,EMSE,2022,10.1007/s10664-022-10138-1,31
Journal,EMSE,2022,10.1007/s10664-022-10139-0,45
Journal,EMSE,2022,10.1007/s10664-022-10140-7,38
Journal,EMSE,2022,10.1007/s10664-022-10142-5,78
Journal,EMSE,2022,10.1007/s10664-022-10143-4,38
Journal,EMSE,2022,10.1007/s10664-022-10144-3,42
Journal,EMSE,2022,10.1007/s10664-022-10145-2,42
Journal,EMSE,2022,10.1007/s10664-022-10146-1,35
Journal,EMSE,2022,10.1007/s10664-022-10147-0,33
Journal,EMSE,2022,10.1007/s10664-022-10148-z,64
Journal,EMSE,2022,10.1007/s10664-022-10149-y,55
Journal,EMSE,2022,10.1007/s10664-022-10151-4,35
Journal,EMSE,2022,10.1007/s10664-022-10152-3,49
Journal,EMSE,2022,10.1007/s10664-022-10153-2,45
Journal,EMSE,2022,10.1007/s10664-022-10154-1,45
Journal,EMSE,2022,10.1007/s10664-022-10155-0,41
Journal,EMSE,2022,10.1007/s10664-022-10156-z,52
Journal,EMSE,2022,10.1007/s10664-022-10157-y,51
Journal,EMSE,2022,10.1007/s10664-022-10158-x,27
Journal,EMSE,2022,10.1007/s10664-022-10159-w,34
Journal,EMSE,2022,10.1007/s10664-022-10160-3,42
Journal,EMSE,2022,10.1007/s10664-022-10161-2,52
Journal,EMSE,2022,10.1007/s10664-022-10162-1,42
Journal,EMSE,2022,10.1007/s10664-022-10163-0,20
Journal,EMSE,2022,10.1007/s10664-022-10164-z,57
Journal,EMSE,2022,10.1007/s10664-022-10165-y,33
Journal,EMSE,2022,10.1007/s10664-022-10166-x,37
Journal,EMSE,2022,10.1007/s10664-022-10167-w,55
Journal,EMSE,2022,10.1007/s10664-022-10168-9,32
Journal,EMSE,2022,10.1007/s10664-022-10169-8,55
Journal,EMSE,2022,10.1007/s10664-022-10170-1,49
Journal,EMSE,2022,10.1007/s10664-022-10171-0,31
Journal,EMSE,2022,10.1007/s10664-022-10173-y,41
Journal,EMSE,2022,10.1007/s10664-022-10175-w,46
Journal,EMSE,2022,10.1007/s10664-022-10176-9,50
Journal,EMSE,2022,10.1007/s10664-022-10177-8,35
Journal,EMSE,2022,10.1007/s10664-022-10178-7,42
Journal,EMSE,2022,10.1007/s10664-022-10179-6,78
Journal,EMSE,2022,10.1007/s10664-022-10180-z,25
Journal,EMSE,2022,10.1007/s10664-022-10181-y,26
Journal,EMSE,2022,10.1007/s10664-022-10182-x,37
Journal,EMSE,2022,10.1007/s10664-022-10183-w,42
Journal,EMSE,2022,10.1007/s10664-022-10184-9,28
Journal,EMSE,2022,10.1007/s10664-022-10185-8,41
Journal,EMSE,2022,10.1007/s10664-022-10186-7,38
Journal,EMSE,2022,10.1007/s10664-022-10187-6,34
Journal,EMSE,2022,10.1007/s10664-022-10188-5,25
Journal,EMSE,2022,10.1007/s10664-022-10189-4,50
Journal,EMSE,2022,10.1007/s10664-022-10190-x,69
Journal,EMSE,2022,10.1007/s10664-022-10191-w,40
Journal,EMSE,2022,10.1007/s10664-022-10192-9,55
Journal,EMSE,2022,10.1007/s10664-022-10193-8,31
Journal,EMSE,2022,10.1007/s10664-022-10194-7,71
Journal,EMSE,2022,10.1007/s10664-022-10195-6,36
Journal,EMSE,2022,10.1007/s10664-022-10196-5,29
Journal,EMSE,2022,10.1007/s10664-022-10197-4,30
Journal,EMSE,2022,10.1007/s10664-022-10198-3,44
Journal,EMSE,2022,10.1007/s10664-022-10199-2,38
Journal,EMSE,2022,10.1007/s10664-022-10200-y,55
Journal,EMSE,2022,10.1007/s10664-022-10201-x,49
Journal,EMSE,2022,10.1007/s10664-022-10202-w,32
Journal,EMSE,2022,10.1007/s10664-022-10203-9,34
Journal,EMSE,2022,10.1007/s10664-022-10204-8,37
Journal,EMSE,2022,10.1007/s10664-022-10205-7,49
Journal,EMSE,2022,10.1007/s10664-022-10206-6,37
Journal,EMSE,2022,10.1007/s10664-022-10207-5,40
Journal,EMSE,2022,10.1007/s10664-022-10208-4,68
Journal,EMSE,2022,10.1007/s10664-022-10209-3,39
Journal,EMSE,2022,10.1007/s10664-022-10210-w,52
Journal,EMSE,2022,10.1007/s10664-022-10211-9,49
Journal,EMSE,2022,10.1007/s10664-022-10212-8,34
Journal,EMSE,2022,10.1007/s10664-022-10213-7,39
Journal,EMSE,2022,10.1007/s10664-022-10215-5,30
Journal,EMSE,2022,10.1007/s10664-022-10216-4,28
Journal,EMSE,2022,10.1007/s10664-022-10218-2,52
Journal,EMSE,2022,10.1007/s10664-022-10219-1,43
Journal,EMSE,2022,10.1007/s10664-022-10220-8,47
Journal,EMSE,2022,10.1007/s10664-022-10221-7,35
Journal,EMSE,2022,10.1007/s10664-022-10222-6,53
Journal,EMSE,2022,10.1007/s10664-022-10223-5,39
Journal,EMSE,2022,10.1007/s10664-022-10224-4,38
Journal,EMSE,2022,10.1007/s10664-022-10225-3,28
Journal,EMSE,2022,10.1007/s10664-022-10227-1,44
Journal,EMSE,2022,10.1007/s10664-022-10228-0,40
Journal,EMSE,2022,10.1007/s10664-022-10233-3,31
Journal,EMSE,2022,10.1007/s10664-022-10234-2,44
Journal,EMSE,2022,10.1007/s10664-022-10237-z,26
Conference,ESEM,2019,10.1109/ESEM.2019.8870192,11
